#https://www.reddit.com/r/dwarffortress/comments/y6kk6j/snowflake_bedroom_floor_design_v2/?utm_source=share&utm_medium=web2x&context=3,,,,,,,,,,,,,,,,,,,,,,,,,,,,,,,,,,,,,,,
#dig start(9;10; Start: Top-Left stair) Snowflake rooms,,,,,,,,,,,,,,,,,,,,,,,,,,,,,,,,,,,,,,,
 , , , , , , , , , , , , , , , , , , , ,d,d, , , , ,d, , , , , , , , , , , , , #
 , , , , , , , , , , , , , ,d,d,d, , ,d, , , , , , , ,d, , , , , , , , , , , , #
 , , , , , , , , , , , , , , , ,d,d,d, ,d,d,d, ,d,d,d,d, ,d,d, , , , , , , , , #
 , , , , , , , , , , , ,d,d, ,d, , , ,d, , , , , , , ,d,d, , , , , , , , , , , #
 , , , , , , , ,d,d, ,d, , , ,d, ,d, ,d, ,d,d, ,d,d,d,d,d,d,d,d, , , , , , , , #
 , , , , , , , , , ,d,d,d,d, , , ,d,d,d,d, , , , , , ,d, , , ,d, , , , , , , , #
 , , , , , , ,d,d,d,d, , , ,d,d, , , ,d,d,d,d,d, ,d, ,d, ,d, , , , , , , , , , #
 , , , , , , , , , ,d, ,d, , , , ,d, ,d, , , , , ,d, ,d, ,d, ,d, ,d, , , , , , #
 , , , ,d,d, ,d,d, ,d, ,d, ,d,d, ,d, ,d, ,d,d,d, , ,d,d,d, , ,d, ,d, ,d, , , , #
 , ,d, ,d, , , , ,d,d,d, , ,d, , ,d, ,d, , , , ,d,d,d,d,i,i,d, , ,d, ,d, , , , #
 , ,d, ,d, ,d,d, ,i,i,d,d,d,d,d,d,d,d, , ,d, ,d, , , ,d,i,i,d,d,d,d,d, , , , , #
 , , ,d,d, , , ,d,i,i,d,d,d,d, , , ,d, ,d, ,d,d, ,d,d, ,d,d,d, , , ,d,d, , , , #
 ,d,d,d,d,d,d,d,d,d,d, , ,d, ,d,d, ,d, , , ,d, , , , , ,d,d, ,d,d, ,d, ,d, , , #
d, ,d, ,d, , , ,d,d, ,d, ,d, , , , ,d,d, ,d,d, ,d,d,d,d,d,d, , , , ,d, ,d, , , #
 , ,d, ,d, ,d,d, ,d, ,d, ,d, , ,d,d, ,d, , , , ,d, , , ,d,d,d,d, ,d, , , , ,d, #
 , ,d, ,d, , , , ,d, , , ,d,d, , , , ,d,d,d, , , , , ,d, ,d, ,d, ,d, ,d,d, ,d, #
 , , , , , ,d, ,d, ,d,d, , , , ,d,d,d,d, ,d, ,d, ,d, ,d, ,d, , , , , , , ,d,d, #
 , ,d, ,d, ,d, ,d, , ,d,d,d, , , , ,d, , , , ,d, ,d, , , ,d,d,d,d, ,d,d, ,d, , #
d, ,d, ,d, ,d, ,d, ,d, , ,d, ,d,d, ,d,d, ,d,d,d, , ,d,d,d,d, , , , ,d, , ,d, , #
d, ,d, , ,d,d, , , , ,d, , , ,d, , , , , ,d, ,d,d,d,d, , , ,d,d,d,d,d,d,d, ,d, #
 ,d, ,d,d,d,d,d,d,d, , , ,d,d,d,d, ,d, , , , , ,d, , , ,d, , , , ,d,d, , ,d, ,d#
 , ,d, , ,d, , , , ,d,d,d,d, , ,d,d,d, ,d,d, ,d,d, ,d, , ,d, ,d, ,d, ,d, ,d, ,d#
 , ,d, ,d,d, ,d,d,d,d, , , ,d, ,d, , , , ,d, , , , ,d,d,d, , ,d, ,d, ,d, ,d, , #
 ,d,d, , , , , , , ,d, ,d, ,d, ,d, ,d, ,d,d,d,d, , , , ,d,d, ,d, ,d, , , , , , #
 ,d, ,d,d, ,d, ,d, ,d, ,d, , , , , ,d,d,d, , , , ,d,d, , , ,d, , , , ,d, ,d, , #
 ,d, , , , ,d, ,d,d,d,d, , , ,d, , , , ,d, ,d,d, , ,d, ,d, ,d, ,d,d, ,d, ,d, , #
 , , ,d, ,d, , , , ,d,d,d,d,d,d, ,d,d, ,d,d, , , , ,d, ,d, ,d,d, , , ,d, ,d, ,d#
 , , ,d, ,d, ,d,d, ,d,d, , , , , ,d, , , ,d, ,d,d, ,d, , ,d,d,d,d,d,d,d,d,d,d, #
 , , , ,d,d, , , ,d,d,d, ,d,d, ,d,d, ,d, ,d, , , ,d,d,d,d,i,i,d, , , ,d,d, , , #
 , , , , ,d,d,d,d,d,i,i,d, , , ,d, ,d, , ,d,d,d,d,d,d,d,d,i,i, ,d,d, ,d, ,d, , #
 , , , ,d, ,d, , ,d,i,i,d,d,d,d, , , , ,d, ,d, , ,d, , ,d,d,d, , , , ,d, ,d, , #
 , , , ,d, ,d, ,d, , ,d,d,d, , ,d,d,d, ,d, ,d, ,d,d, ,d, ,d, ,d,d, ,d,d, , , , #
 , , , , , ,d, ,d, ,d, ,d, ,d, , , , , ,d, ,d, , , , ,d, ,d, , , , , , , , , , #
 , , , , , , , , , ,d, ,d, ,d, ,d,d,d,d,d, , , ,d,d, , , ,d,d,d,d, , , , , , , #
 , , , , , , , ,d, , , ,d, , , , , , ,d,d,d,d, , , ,d,d,d,d, , , , , , , , , , #
 , , , , , , , ,d,d,d,d,d,d,d,d, ,d,d, ,d, ,d, ,d, , , ,d, ,d,d, , , , , , , , #
 , , , , , , , , , , ,d,d, , , , , , , ,d, , , ,d, ,d,d, , , , , , , , , , , , #
 , , , , , , , , ,d,d, ,d,d,d,d, ,d,d,d, ,d,d,d, , , , , , , , , , , , , , , , #
 , , , , , , , , , , , ,d, , , , , , , ,d, , ,d,d,d, , , , , , , , , , , , , , #
 , , , , , , , , , , , , ,d, , , , ,d,d, , , , , , , , , , , , , , , , , , , , #
#,,,,,,,,,,,,,,,,,,,,,,,,,,,,,,,,,,,,,,,
